talent_id,talent_name,birth_year,death_year
nm0000080,Orson Welles,1915,1985
nm0000128,Russell Crowe,1964,\N
nm0000307,Helena Bonham Carter,1966,\N
nm0000670,Lea Thompson,1961,\N
nm0001198,Debrah Farentino,1959,\N
nm0001348,Werner Herzog,1942,\N
nm0001904,Corey Allen,1934,2010
nm0001983,Rory Calhoun,1922,1999
nm0002691,Yoram Astrakhan,\N,\N
nm0003205,Steve Gainer,1962,\N
nm0004216,Gerard McCann,\N,\N
nm0004266,Anne Hathaway,1982,\N
nm0004486,Bruno Ganz,1941,2019
nm0004678,Paul Maibaum,1951,\N
nm0005092,Larry King,1933,\N
nm0005172,Norm MacDonald,1959,\N
nm0005401,Ricky Schroder,1970,\N
nm0005408,Katey Sagal,1954,\N
nm0005419,Judy Sheindlin,1942,\N
nm0005512,Mike Tyson,1966,\N
nm0005736,Willy Hameister,1889,1938
nm0005846,Gernot Roll,1939,\N
nm0005885,Harold E. Stine,1903,1977
nm0006433,Karisma Kapoor,1974,\N
nm0007107,Urmila Matondkar,1974,\N
nm0012206,Mark Adler,\N,\N
nm0013928,Valerie Ahern,\N,\N
nm0015806,Socrates Alafouzos,\N,\N
nm0016342,John Albasiny,1967,\N
nm0017263,Victoria Alcock,1968,\N
nm0020692,Jonathan Allen,\N,\N
nm0021571,Nicholas Allott,\N,\N
nm0024619,Pino Amenta,1952,\N
nm0024915,Amina,\N,\N
nm0025389,Sadashiv Amrapurkar,1950,2014
nm0025886,Sandy Andolong,\N,\N
nm0034518,Neil Argo,1947,2018
nm0035713,Grant Armstrong,\N,\N
nm0037973,Ashley Artus,1971,\N
nm0039507,Tim Aslam,1966,\N
nm0045556,Christiane Bachschmidt,1958,\N
nm0052486,Rafael Banquells,1917,1990
nm0056187,Sacha Baron Cohen,1971,\N
nm0058117,Patricia Barry,1922,2016
nm0058527,Chuck Barth,\N,\N
nm0061362,Shawn Batten,1975,\N
nm0063782,Gerry Bean,\N,\N
nm0068442,Otis A. Bell,\N,\N
nm0068699,James Bellamy,1978,\N
nm0068925,Bernard Bellew,\N,\N
nm0072719,Stephen Bent,1952,\N
nm0072724,Gerard Bentall,\N,\N
nm0074948,Dora Bergner,\N,\N
nm0076971,Seymour Berns,\N,\N
nm0079677,Tim Bevan,1957,\N
nm0080150,Rita Bhaduri,\N,2018
nm0083790,Nigel Birtchnell,\N,\N
nm0084079,Jerry Bishop,\N,\N
nm0088045,Julian Bleach,1963,\N
nm0088625,Jonas Bloch,1939,\N
nm0089761,Ricardo Blume,1933,\N
nm0093291,Marja Bolscher,\N,\N
nm0093619,Roberto Bomtempo,1963,\N
nm0095478,Mark Boone Junior,1955,\N
nm0098842,Alain Boublil,1941,\N
nm0100517,María Bouzas,1962,\N
nm0103826,Luciana Braga,1962,\N
nm0104257,Christiane Brammer,1965,\N
nm0104526,Steven Brand,1969,\N
nm0107101,Richard Bremmer,1953,\N
nm0108881,Libby Brien,\N,\N
nm0109586,Peter Brinkerhoff,\N,\N
nm0110433,Eloise DeJoria,1957,\N
nm0112842,Joris Brouwers,\N,\N
nm0114048,Larry Brown,\N,\N
nm0114132,Lorna Brown,\N,\N
nm0115095,Warren Browne,\N,\N
nm0118688,Sean Buckley,\N,\N
nm0118909,Dean Budd,\N,\N
nm0118924,Paul Budd,\N,\N
nm0119250,Manuel Bueno,\N,\N
nm0119516,Sándor Buglya,1945,\N
nm0124417,Verena Buss,1944,\N
nm0128032,J.R. Cacia,\N,\N
nm0128221,Paul Cadieux,\N,\N
nm0129035,John Caird,1948,\N
nm0130397,Gian Paolo Callegari,1909,1982
nm0130502,Dayton Callie,1946,\N
nm0131624,John Cameron,1944,\N
nm0132846,Sean Campbell,1966,\N
nm0134025,David Cann,\N,\N
nm0134568,Ursula Cantieni,1947,\N
nm0135177,Javier Capitán,1961,\N
nm0135629,Herson Capri,1952,\N
nm0136649,Jorge Cardoso,\N,\N
nm0136824,Esther Carena,1898,1972
nm0138493,Dalila Carmo,1974,\N
nm0145287,Julia Castle,\N,\N
nm0146835,Leona Cavalli,1969,\N
nm0147825,Cedric the Entertainer,1964,\N
nm0149498,Maureen Chadwick,\N,\N
nm0150299,Christina Chambers,1969,\N
nm0152041,Ernesto Chao,1943,2018
nm0153862,Heather Chasen,1927,\N
nm0153877,Liza Chasin,\N,\N
nm0155164,Bor Jeng Chen,1955,\N
nm0155415,Wen-min Chen,\N,\N
nm0156185,Chris Cheshire,\N,\N
nm0156359,Alan Chesters,\N,\N
nm0156804,Lawrence Chew,\N,\N
nm0158292,Jack Chissick,1945,\N
nm0161230,Hu-pin Chung,\N,\N
nm0165015,Stuart Clarke,\N,\N
nm0169299,Danny Cohen,\N,\N
nm0177323,Tracey Cook,\N,\N
nm0179189,Patrick Corbett,\N,\N
nm0180470,Cavin Cornwall,\N,\N
nm0182992,Helen Cotterill,1939,\N
nm0184082,Carolyn Cousins,\N,\N
nm0184392,Martin Kove,1946,\N
nm0184703,John Cowell,\N,\N
nm0186650,Marcel Cravenne,1908,2002
nm0187692,Steve Crewe,\N,\N
nm0189377,Willy Großstück,\N,\N
nm0193916,Evan Cutler,\N,\N
nm0194034,Marilyn Cutts,\N,\N
nm0201757,Julie Dartnell,\N,\N
nm0203345,Hugh Davidson,\N,\N
nm0203976,Sid Davis,1916,2006
nm0209870,Kristine de Loup,\N,\N
nm0210916,Bart De Pauw,1968,\N
nm0214625,Paco Delgado,\N,\N
nm0215665,Inma del Moral,1974,\N
nm0219766,Kelly Dent,\N,\N
nm0219917,Richard Denyer,1954,\N
nm0221046,Zooey Deschanel,1980,\N
nm0222822,Stephen Devlin,\N,\N
nm0225323,Chris Dickens,\N,\N
nm0226623,Dirk van Dijck,\N,\N
nm0228960,Richard Dixon,\N,\N
nm0233025,Mark Donovan,1968,\N
nm0233539,Larry Dorf,\N,\N
nm0236071,Tim Downie,1977,\N
nm0237694,Nick Drew,\N,\N
nm0237948,Clive Drinkall,1960,\N
nm0241009,Yvette Duguay,1932,1986
nm0241169,Charles Duke,1935,\N
nm0242362,Luke Dunkley,\N,\N
nm0248461,Megalyn Echikunwoke,1983,\N
nm0249276,Jamie Edgell,\N,\N
nm0252231,Sid Ejjayha,\N,\N
nm0262665,Daniel Evans,1973,\N
nm0264198,Alicya Eyo,1975,\N
nm0271479,Eric Fellner,1959,\N
nm0273504,Florentino Fernández,1972,\N
nm0275972,John Field,\N,\N
nm0276204,Byron Field,1981,\N
nm0279103,Robert Fischer,1954,\N
nm0279416,Charles Fisher,\N,\N
nm0279839,Simon Fisher-Becker,1961,\N
nm0281448,Kate Fleetwood,1972,\N
nm0282332,Sarah Flind,\N,\N
nm0285071,Guilherme Fontes,1967,\N
nm0289313,Mark Fox-Potten,\N,\N
nm0289450,Arnoldo Foà,1916,2014
nm0289611,Thiago Fragoso,1981,\N
nm0293255,Miriam Freeland,1978,\N
nm0294906,Cristianne Fridman,\N,\N
nm0295192,David Friedman,1960,\N
nm0299040,Roy Furness,\N,\N
nm0299802,Ernst Fritz Fürbringer,1900,1988
nm0303599,Giulia Gam,1966,\N
nm0305132,Bruno Garcia,1970,\N
nm0306320,Manolo García,1933,2004
nm0306497,Sara García,1895,1980
nm0313072,James Gentile,\N,\N
nm0315837,Daniel Ghivelder,1978,\N
nm0318783,Benjamin Gilani,1946,\N
nm0324009,Patrick Godfrey,1933,\N
nm0326211,Gary Goldstein,\N,\N
nm0330664,William D. Gordon,1918,1991
nm0333816,Peter Graffham,\N,\N
nm0335446,Ian Grant,\N,\N
nm0336855,Nigel Gray,\N,\N
nm0341219,James Griffin,\N,\N
nm0348289,Michael Gunner,\N,\N
nm0348695,Robert Gurney,\N,\N
nm0356204,Walter R. Hall,\N,1950
nm0358932,Chris Hampson,\N,\N
nm0359486,Tim Hands,\N,\N
nm0367816,Jane Harwood,\N,\N
nm0368814,Linzi Hateley,1970,\N
nm0369854,Andrew Havill,1965,\N
nm0370257,Petri Hawkins Byrd,\N,\N
nm0371735,Debra Hayward,\N,\N
nm0372585,Paul Heasman,\N,\N
nm0376939,James Hendy,\N,\N
nm0378380,Wolfgang Hepp,1941,\N
nm0378609,Paul Herbert,\N,\N
nm0382227,Douglas Heyes,1919,1993
nm0382980,Vanessa Lee Hicks,\N,\N
nm0384238,Eric Hill,\N,\N
nm0387071,Keve Hjelm,1922,2004
nm0390319,Nick Holder,\N,\N
nm0390610,Arthur Holland,\N,\N
nm0391136,Elbert K. Hollingsworth,\N,\N
nm0393799,Tom Hooper,1972,\N
nm0396643,Dakota House,1974,\N
nm0399176,Martin Hubbard,\N,\N
nm0400403,Roy Huggins,1914,2002
nm0401076,Victor Hugo,1802,1885
nm0402016,Nina Humphreys,\N,\N
nm0402271,Charlie Hunnam,1980,\N
nm0402484,Jamie Hunt,\N,\N
nm0407101,Gabriel Iglesias,1976,\N
nm0413168,Hugh Jackman,1968,\N
nm0414103,Tom Jackson,1948,\N
nm0422679,Alison Jiear,1965,\N
nm0427700,Carolyn Jones,1930,1983
nm0438503,Sanjay Kapoor,1965,\N
nm0438842,Pat Karam,1963,\N
nm0439984,Elinor Karpf,1939,2013
nm0439987,Stephen Karpf,1939,\N
nm0442671,Nikos Kavoukidis,\N,\N
nm0442672,Maria Kavoukidou,\N,\N
nm0444796,Tina Keeper,1962,\N
nm0445868,Barry Kelley,1908,1991
nm0446438,Jack Kelly,1927,1992
nm0447353,Polly Kemp,\N,\N
nm0449599,Linda Kerns,1953,\N
nm0451170,Arbaaz Khan,1967,\N
nm0451174,Arshad Warsi,1968,\N
nm0453229,Wilhelm Killmayer,1927,2017
nm0464154,Judit Kollányi,1949,\N
nm0471014,Herbert Kretzmer,1925,\N
nm0473685,Natalya Kucherenko,\N,\N
nm0474820,Kiran Kumar,1953,\N
nm0483617,Bob Lamond,1913,2008
nm0484736,Inga Landgré,1927,\N
nm0488484,James LaRosa,1974,\N
nm0491613,Peter Lauterman,\N,\N
nm0500505,Harald Leipnitz,1926,2000
nm0502734,Paul Leonard,\N,\N
nm0502952,John Leonetti,\N,\N
nm0509033,Mitchell Lichtenstein,1956,\N
nm0512560,Angela Lindvall,1979,\N
nm0514915,Emily Yi-Ming Liu,\N,\N
nm0519966,Xuxa Lopes,1953,\N
nm0523574,Irma Lozano,1944,2013
nm0524423,Durval Lucena,1957,\N
nm0524706,Tony Lucken,\N,\N
nm0525123,Luz Stella Luengas,\N,\N
nm0526732,Pavel Lungin,1949,\N
nm0527602,Regine Lutz,1928,\N
nm0528498,Anna Lynch-Robinson,\N,\N
nm0529099,Kely Lyons,\N,\N
nm0530566,Edmund Löwe,1870,\N
nm0531197,Paul Nott-Macaire,\N,\N
nm0533583,Cameron Mackintosh,1946,\N
nm0536510,Oscar Magrini,1961,\N
nm0537124,Billy Mahoney,\N,\N
nm0537839,Peter Mair,\N,\N
nm0541306,Kay Manasseh,\N,\N
nm0544427,Fely Manzano,1942,2017
nm0548210,Simon Marjoram,\N,\N
nm0548857,Jackie Marks,\N,\N
nm0549861,Martin Marquez,1963,\N
nm0558334,Sally Mates,1943,\N
nm0559320,Nestoras Matsas,1930,2012
nm0561081,Graciela Mauri,1967,\N
nm0565223,Leon McCarthy,\N,\N
nm0565527,Tim McCauley,1959,\N
nm0568834,Tom McFarling,\N,\N
nm0572295,Christian McLaughlin,1967,\N
nm0573121,Ann McManus,\N,\N
nm0574199,Alan McPherson,\N,\N
nm0581960,Evandro Mesquita,1952,\N
nm0584612,Giorgos Mihalakopoulos,1938,\N
nm0592576,Kika Mirylees,1959,\N
nm0595988,Sándor Mohi,1957,\N
nm0596925,Kadu Moliterno,1952,\N
nm0598240,Sebastian Monk,\N,\N
nm0605288,Paola Mori,1928,1986
nm0606998,Wayne Morris,1914,1959
nm0607068,Angela Morrison,\N,\N
nm0608309,Giorgos Moshidis,1931,2018
nm0608416,Hannah Moseley,\N,\N
nm0609391,Luis Eduardo Motoa,\N,\N
nm0611314,Seo Mutarevic,\N,\N
nm0613093,Ben Munro,\N,\N
nm0613417,Raza Murad,1950,\N
nm0614109,Bill Murphy,1963,\N
nm0622172,Jean-Marc Natel,1942,\N
nm0622790,Ricardo Navarrete,\N,\N
nm0623677,Stuart Neal,\N,\N
nm0625144,Andy Nelson,\N,\N
nm0627347,Carlos Neves,\N,\N
nm0629933,William Nicholson,1948,\N
nm0632457,Merab Ninidze,1965,\N
nm0635879,Peter Norris,\N,\N
nm0636123,Jan Northrop,\N,\N
nm0637956,Gonçalo Mourão,\N,\N
nm0638080,Trevor Nunn,1940,\N
nm0640435,Martin O'Connor,\N,\N
nm0646817,David Oliver,\N,\N
nm0646941,Melanie Oliver,\N,\N
nm0653149,Emilie Otterdahl,1882,1971
nm0656347,Stephen Page,\N,\N
nm0658342,Lisa Palmer,\N,\N
nm0663008,Sam Parks,\N,\N
nm0664176,Jon Paré,\N,\N
nm0665554,Supriya Pathak,1961,\N
nm0671249,Wilma Pelly,\N,\N
nm0673204,Ricardo Pereira,1979,\N
nm0680445,Heather Phillips,\N,\N
nm0680509,Joe Phillips,\N,\N
nm0683788,Valentin Pimstein,1925,2017
nm0695446,Dennis A. Pratt,\N,\N
nm0711110,Jim Rash,1971,\N
nm0718668,Christian Reitz,1960,\N
nm0718671,Edgar Reitz,1932,\N
nm0721201,Luis Reyes de la Maza,1932,2014
nm0721405,Roberto Reyes,\N,\N
nm0723142,Marco Ricca,1962,\N
nm0723330,Atílio Riccó,\N,\N
nm0724763,Sarah Johns,\N,\N
nm0729345,Mabel Rivera,1952,\N
nm0734687,Christine Rodgers,\N,\N
nm0735083,César Rodrigues,\N,\N
nm0737575,Tony Rohr,\N,\N
nm0739182,Stewart Rome,1886,1965
nm0741192,Mary Roscoe,1959,\N
nm0747204,Todd Roy,\N,\N
nm0749270,Frances Ruffelle,1965,\N
nm0756378,Parikshat Sahni,1944,\N
nm0756905,Ichirô Saitô,1909,1979
nm0757739,Noé Salazar,\N,\N
nm0763060,Robert Sansom,\N,\N
nm0763126,Abel Santacruz,1915,1995
nm0765398,Michael Sarne,1940,\N
nm0768939,Joseph L. Scanlan,\N,\N
nm0770738,Peter Schell,\N,\N
nm0774744,Claude-Michel Schönberg,1944,\N
nm0777749,Russell Schweickart,1935,\N
nm0777827,Patrick Schweitzer,\N,\N
nm0778171,Thomas Schönberg,\N,\N
nm0780718,Adam Searles,\N,\N
nm0796306,Terry Sibley,\N,\N
nm0797053,Jeff Siergey,\N,\N
nm0797901,Leif Silbersky,1938,\N
nm0799784,James Simmons,\N,\N
nm0802866,Alastair Sirkett,\N,\N
nm0804026,Red Skelton,1913,1997
nm0806905,C.C. Smiff,\N,\N
nm0807833,Danny Smith,\N,\N
nm0807942,Derek 'Del Boy' Smith,\N,\N
nm0808908,Keith Smith,\N,\N
nm0809588,Pete Smith,\N,\N
nm0816934,Laurie Sparham,\N,\N
nm0817892,Charlotte Spencer,\N,\N
nm0818912,Edson Spinello,\N,\N
nm0819734,Joyce Springer,\N,\N
nm0819993,Yanna Spyropoulou,\N,\N
nm0824438,Liam Steel,\N,\N
nm0829378,Eve Stewart,1961,\N
nm0831342,Gary Stokes,\N,\N
nm0832825,Marty Stouffer,\N,\N
nm0836693,Ula Stöckl,1938,\N
nm0839682,John Surman,\N,\N
nm0839917,Sally Sussman Morina,\N,\N
nm0840212,Paul Sutorius,\N,\N
nm0851198,Stephen Tate,\N,\N
nm0860997,Erik Thomson,1967,\N
nm0862132,Leigh Thurbon,\N,\N
nm0865001,Jaime Tobon,\N,\N
nm0866574,Andrew Tombs,\N,\N
nm0869927,Constance Towers,1933,\N
nm0870957,Steve Tranfield,\N,\N
nm0872062,Brian Trenchard-Smith,1946,\N
nm0877854,Sally Turner,\N,\N
nm0887440,Bart Van Loo,\N,\N
nm0890548,Oleg Vasilkov,1970,\N
nm0891862,Luis Vega,\N,\N
nm0892180,Stijn Van der Veken,\N,\N
nm0892939,Irving Vendig,1902,1995
nm0893424,Joe Venturini,\N,\N
nm0893655,Jos Verbist,1952,\N
nm0895589,Frédéric Vial,\N,\N
nm0911501,Dick Ward,\N,\N
nm0912039,Gemma Wardle,1975,\N
nm0912353,John Warnaby,\N,\N
nm0913188,Aruth Wartan,1880,1945
nm0915240,Stephen Watts,\N,\N
nm0916448,Timothy Webber,\N,\N
nm0919469,Poul Welander,1879,1942
nm0919860,David Weller,\N,\N
nm0919912,Beatrice Welles,1955,\N
nm0922509,Lisa Westcott,\N,\N
nm0929356,Colm Wilkinson,1944,\N
nm0931261,Mark T. Williams,1976,\N
nm0931853,Trevor Williams,\N,\N
nm0932849,Lynne Wilmot,\N,\N
nm0936204,Franz Peter Wirth,1919,1999
nm0941629,Julia Worsley,\N,\N
nm0943342,Lin-Hsien Paul Wung,\N,\N
nm0944956,Craig Yahata,\N,\N
nm0947303,Hung-Wei Yeh,1963,\N
nm0950076,Steen Young,\N,\N
nm0954250,Rolf Zehetbauer,1929,\N
nm0959435,Félix Álvarez,1966,\N
nm0960965,Kaushik Ghatak,\N,\N
nm0961448,Narendra Nath,\N,\N
nm0962515,Vicky Evans,\N,\N
nm0962560,Amy Liu,\N,\N
nm0971051,Paul Lowe,\N,\N
nm0974053,Bill Anders,1933,\N
nm0974891,Andrew Bailey,\N,\N
nm1000378,André Bankoff,1981,\N
nm1003149,Mark McNeil,\N,\N
nm1010108,Terry Stinson,\N,\N
nm1011002,Renata Dominguez,1980,\N
nm10126556,Buba Matnadze,\N,\N
nm1012984,Alexander Brooks,\N,\N
nm1016172,Bobby Prince,\N,\N
nm1016647,André Fernandes,\N,\N
nm1016950,Camilla Stephenson,\N,\N
nm1017514,Tina Alexis Allen,\N,\N
nm1019724,Richard Colson,\N,\N
nm10205017,Parzan Dhonsi,\N,\N
nm1031548,Naeem-Ejaz,\N,\N
nm1032920,Ana Streczyn,\N,\N
nm1036085,Karl Steven,\N,\N
nm10367014,Maya Bickel,\N,\N
nm10368749,Jess Hughes,\N,\N
nm1037342,Ray Harman,\N,\N
nm1040162,Sanjiv Goswami,\N,\N
nm10413863,Richard Cookson,\N,\N
nm1042831,Philip Hersh,\N,\N
nm10486538,Evan Adams,\N,\N
nm10585769,Gigo George,\N,\N
nm1061249,Stéphane Martel,\N,\N
nm1062520,Calen Lang,\N,\N
nm1069012,Justin Dornbush,\N,\N
nm1070544,Takis Venetsanakos,\N,\N
nm1072791,Ursula Eva Diebold,\N,\N
nm1072862,Stan Feingold,\N,\N
nm10764922,Nicholas Abruzzini,\N,\N
nm1082588,Shane Urioste,\N,\N
nm1085627,Martha Humphreys,\N,\N
nm10862774,Caroline Heller,\N,\N
nm1086543,Amanda Seyfried,1985,\N
nm1094792,Elizabeth Stewart,\N,\N
nm10963190,Rafnar Orri Gunnarsson,\N,\N
nm10963200,Andri Freyr Arnarsson,\N,\N
nm10963201,Óskar Andri Ólafsson,\N,\N
nm11005797,Erin Bitting,\N,\N
nm1105675,Peter Langford,\N,\N
nm1106960,Michael Jibson,1980,\N
nm1113150,John Evans,\N,\N
nm1114191,Annika Hellgren,\N,\N
nm1116819,Ashley Miller,\N,\N
nm1117910,Juliana Didone,1984,\N
nm1125837,John Ellis Evans,\N,\N
nm1128414,Ian Pirie,\N,\N
nm1131493,Paul Bates,\N,\N
nm1134023,John Daynes,\N,\N
nm1144219,Joe Babcock,\N,\N
nm1148054,Raphaël Benoliel,1974,\N
nm1150011,João Paulo Mendonça,\N,\N
nm1157799,Andrew Merlino,\N,\N
nm1158620,Hwa-yeon Cha,\N,\N
nm1159832,Ernst Munkeboe,1868,1943
nm1161610,Sonia Isla,\N,\N
nm1167340,Matthieu Rubin,1973,\N
nm1176676,Kurt Sutter,1960,\N
nm1179291,Rafiq Talukdar,\N,\N
nm1181638,Taras Kolyadov,\N,\N
nm1184733,Ajit Singh Deol,\N,\N
nm1190219,Charles Manning,\N,\N
nm1200966,Brad Lindeker,\N,\N
nm1208052,José Carlos Pereira,1978,\N
nm1212845,Janis Eglitis,1968,\N
nm1221293,David Mayhew,\N,\N
nm1222404,Norrie Henderson,\N,\N
nm1225868,Richard Cain,\N,\N
nm1227297,Jacqui Dankworth,1963,\N
nm1232216,Arnaud Duterque,\N,\N
nm1232865,Jae-sun Jeong,\N,\N
nm1236010,Jeremy Bau,\N,\N
nm1242705,Terry Keely,\N,\N
nm1243038,Barry Weller,\N,\N
nm1244190,Elspeth Brodie,1982,\N
nm1244491,Rachel Ramras,1974,\N
nm1247272,James Grogan,\N,\N
nm1250449,Zac Nicholson,\N,\N
nm1265650,Yvonne Duckett,\N,\N
nm1268039,Fabien Cloutier,\N,\N
nm1268177,Jeremiah Daws,\N,\N
nm1272163,Julie Kendrick,\N,\N
nm1279581,Peter Hacks,1928,2003
nm1283886,Rob Mullender,\N,\N
nm1284907,Fernanda de Freitas,1980,\N
nm1290508,Jeremy Rose,\N,\N
nm1300280,Paul Kennington,\N,\N
nm1300577,Eunice Lee,\N,\N
nm1303578,Jenna Boyd,\N,\N
nm1317786,Stefan Gohlke,\N,\N
nm1323599,Brian McAloon,\N,\N
nm1341243,John Warhurst,\N,\N
nm1343125,Jeff North,\N,\N
nm1348348,Laura Ettel,\N,\N
nm1348619,Chris Bunyan,\N,\N
nm1349213,Mark Roper,\N,\N
nm1349419,Alison Carter,\N,\N
nm1364798,Sarah Whittle,\N,\N
nm1365217,Carol Castro,1984,\N
nm1368756,Alfred Vargas,1981,\N
nm1370049,Simon Arnold,\N,\N
nm1376169,Monika Preischl,\N,\N
nm1379289,Joel Belsham,\N,\N
nm1391467,Jojo Saguin,\N,\N
nm1392030,Craig Travis,\N,\N
nm1392264,Brian White,\N,\N
nm1398931,Josito Porto,1967,\N
nm1414332,Martin Foley,\N,\N
nm1414588,Simon Ward,1979,\N
nm1416195,Jeff Lippencott,\N,\N
nm1417692,Steve Laplante,\N,\N
nm1419430,Hyo-jeong Ban,\N,\N
nm1437421,Frederik Schack-Jensen,1877,1963
nm1438829,Shane Steyn,1975,\N
nm1442933,Paul Thornley,\N,\N
nm1445607,Carolina Infante,\N,\N
nm1446070,Ian Pead,\N,\N
nm1449708,Levan Doran,\N,\N
nm1450289,Will Kendal,\N,\N
nm1454729,Louise Hussey,\N,\N
nm1455221,Panayotis Mentis,\N,\N
nm1459644,Christopher Nickel,\N,\N
nm1459943,Fred Renata,\N,\N
nm1480230,Andy Hargreaves,\N,\N
nm1482025,Jina Panebianco,\N,\N
nm1483709,Emma Saunders,\N,\N
nm1483819,Lucille Acevedo-Jones,\N,\N
nm1488854,Douglas Woods,\N,\N
nm1489979,Aidee Walker,1981,\N
nm1497190,Michael Byrch,\N,\N
nm1513039,Diogo Amaral,1981,\N
nm1518634,Fernanda Lima,1977,\N
nm1519477,Cathy Breeze,\N,\N
nm1519666,Eddie Redmayne,1982,\N
nm1533008,Simon Shorten,\N,\N
nm1535493,Katy Secombe,\N,\N
nm1536532,Simon Hayes,\N,\N
nm1543562,Didier Davin,\N,\N
nm1544042,Tony Bignell,1990,\N
nm1546086,Aaron Sillis,\N,\N
nm1546104,Valerie Cutko,\N,\N
nm1546107,Tricia Deighton,\N,\N
nm1546118,Mandy Holliday,\N,\N
nm1550218,John Lai,\N,\N
nm1568433,Luizi Agudelo,\N,\N
nm1569463,Tess Bryant,\N,\N
nm1573573,Jan Matthys,\N,\N
nm1583307,Örlygur Hnefill Örlygsson,1983,\N
nm1584487,Bertie Carvel,1977,\N
nm1587642,Tabitha Webb,1979,\N
nm1595632,Guilherme Berenguer,1980,\N
nm1597645,Xosé Cermeño,1959,\N
nm1598625,Lee Walpole,\N,\N
nm1599985,Perry Millward,1992,\N
nm1616462,Guillermo Carbajo,1986,\N
nm1618142,Chema Fernández,1964,\N
nm1622933,Jeff Finicle,\N,\N
nm1628153,Anand Gandhi,1980,\N
nm1629473,Ronny Klost,\N,\N
nm1636457,Helen Turpin,\N,\N
nm1643982,Greg Spencer,\N,\N
nm1651567,Pam Moffat,\N,\N
nm1652092,Martin Shenton,\N,\N
nm1652146,Eileen Gallagher,\N,\N
nm1654536,Rohit Bakshi,\N,\N
nm1668320,Peter Robertson,\N,\N
nm1678514,Tiago Aldeia,1986,\N
nm1679437,Reiner Uthoff,\N,\N
nm1679543,Sofia Arruda,1988,\N
nm1704550,Roisin Md,\N,\N
nm1707653,Susan Goldberg,\N,\N
nm1709903,Harriet Worth,\N,\N
nm1717868,Cristina Villanueva,1976,\N
nm1720728,Andrea Schroder,1972,\N
nm1749369,Sanjay Memane,\N,\N
nm1751832,Karen Cohen,\N,\N
nm1756249,Ian Waller,\N,\N
nm1764149,Mónica Jardim,\N,\N
nm1764614,Kevin Nibley,1978,\N
nm1776742,Calvin Fong,\N,\N
nm1780125,Hollie Foster,\N,\N
nm1785957,Lee Stimmel,\N,\N
nm1799080,Gina Beck,\N,\N
nm1811245,Rasmus Rendtoft Jørgensen,\N,\N
nm1815544,Hadrian Delacey,\N,\N
nm1819997,Michael England,\N,\N
nm1821446,Hannah Waddingham,1974,\N
nm1829601,Patrick Lowe,\N,\N
nm1833012,Keith Dunphy,\N,\N
nm1844201,James Freedman,1965,\N
nm1845188,Grazi Massafera,1983,\N
nm1850877,Norma Atallah,\N,\N
nm1851954,Bárbara Norton de Matos,1979,\N
nm1861004,Julia Vernon,\N,\N
nm1862855,Juan Pablo Puentes,1969,\N
nm1866997,Nick Gillett,\N,\N
nm1868312,Lys Andersen,\N,\N
nm1872969,Shabbir Ahluwalia,1979,\N
nm1875718,Joey Guila,\N,\N
nm1875786,Shakti Anand,\N,\N
nm1877982,Gerry Atkinson,\N,\N
nm1881043,John Hagenbeck,\N,\N
nm1882759,Will Cohen,\N,\N
nm1884979,Curt Wiese,\N,\N
nm1887676,Trilce Cavero,1975,\N
nm1889255,Hsin-chih Chiu,1968,\N
nm1908420,Mary Hammond,\N,\N
nm1909956,Andy Butcher,\N,\N
nm1918567,Bob Thiele Jr.,1955,\N
nm1920292,Sebastian Sykes,\N,\N
nm1920777,Robert Houston,\N,\N
nm1930497,Amanda Willgrave,\N,\N
nm1930669,Cecilia Cafiero,\N,\N
nm1936500,John Gonzalez,\N,\N
nm1943521,Oscar Carrillo,\N,\N
nm1944069,Rachel Stanley,\N,\N
nm1955536,James Fenton,\N,\N
nm1960210,Dan Abrams,1966,\N
nm1967952,John Boundy,\N,\N
nm1979693,Richard George,\N,\N
nm1997265,Chris Newton,\N,\N
nm2008452,Joshua Rubin,\N,\N
nm2028927,Gary Davies,\N,\N
nm2031530,Elizabeth MacDonald,\N,\N
nm2032894,Hans Dynesen,1870,1939
nm2033149,Rosy Runciman,\N,\N
nm2038139,Camilla Kvartoft,\N,\N
nm2041513,Robert Edwards,\N,\N
nm2051218,Leigh Bryant,\N,\N
nm2051751,Myles McLeod,\N,\N
nm2055556,Astrid Monarque,\N,\N
nm2056369,Lígia Dias,\N,\N
nm2058024,Tom Audenaert,\N,\N
nm2069153,Tracy McGregor,\N,\N
nm2075903,Claire Underwood,\N,\N
nm2076851,Rita Seguro,1975,\N
nm2077942,Michael Cahill,\N,\N
nm2092723,Ryan Stuart,\N,\N
nm2099110,Ágústa Eva Erlendsdóttir,1982,\N
nm2101138,Elisavet Paneta,\N,\N
nm2107955,Dean Weller,\N,\N
nm2133061,Fredrik Strage,1972,\N
nm2139304,Tom Hyde,\N,\N
nm2155730,Erick C. Salud,\N,\N
nm2159862,Peter Saracen,\N,\N
nm2165122,Josh Robinson,\N,\N
nm2181706,Holly Silber,\N,\N
nm2194656,Diana Moore,\N,\N
nm2198330,Stephen Brooker,\N,\N
nm2198964,Hovig Alahaidoyan,\N,\N
nm2214501,Gary Jopling,\N,\N
nm2243812,Timothy Daniel Allen,\N,\N
nm2245275,Jaygann Ayeh,\N,\N
nm2247198,Trina Chow,\N,\N
nm2249474,Ben Ryder,\N,\N
nm2255683,Steve Hunter,\N,\N
nm2256351,Nigel Hughes,\N,\N
nm2259734,Kristyan Mallett,1979,\N
nm2261508,Kitch Young,\N,\N
nm2276241,Manish Goswami,\N,\N
nm2285394,Jean-François Chagnon,\N,\N
nm2294602,Francesca Budd,\N,\N
nm2296910,Mark Paterson,\N,\N
nm2301662,Hadley Fraser,1980,\N
nm2305072,Aleksandr Manotskov,\N,\N
nm2306701,Javier Botet,1977,\N
nm2317243,Naim Sutherland,\N,\N
nm2319997,Precious Lara Quigaman,\N,\N
nm2330842,Vilmos Tánczos,\N,\N
nm2333457,Ken Garside,\N,\N
nm2348787,Nicola Sloane,\N,\N
nm2357221,Nikolai Maltsev,\N,\N
nm2369260,Hugh Skinner,\N,\N
nm2383527,Saneatsu Mushakoji,1885,1976
nm2384772,Chris Collins,\N,\N
nm2406704,Sara Salgado,1989,\N
nm2410665,Claudia Torres,\N,\N
nm2412682,Hyun-Woo Ji,\N,\N
nm2415822,Killian Donnelly,1984,\N
nm2417816,Aleksey Gnilitskiy,\N,\N
nm2425693,Andrew Guest,\N,\N
nm2432897,Marcus Shakesheff,\N,\N
nm2436798,Carrie Garner,\N,\N
nm2437517,Kirsty Hoiles,\N,\N
nm2448669,Simon Thaur,\N,\N
nm2462311,Aleksey Mizgiryov,1974,\N
nm2462923,Kay Conlu-Brondial,\N,\N
nm2463374,Dmitriy Kulichkov,\N,\N
nm2490379,Amit Varma,\N,\N
nm2501229,Françoise Ettel,\N,\N
nm2503091,Eri Adachi,\N,\N
nm2511333,Puneet Gandhi,\N,\N
nm2520265,Anders Kraft,\N,\N
nm2525790,Bel Powley,1992,\N
nm2527511,Alex Anstey,1978,\N
nm2536586,Rael Jones,\N,\N
nm2541046,Charlotte Spencer,1991,\N
nm2545310,Marshall Axani,\N,\N
nm2548787,Thomas Fürhapter,\N,\N
nm2550752,Luise Schreuer,\N,\N
nm2551913,Sophie Hutchinson,\N,\N
nm2552324,Maya McKechneay,\N,\N
nm2555059,Tatiana Figueiredo,\N,\N
nm2555070,Carina Vaz,\N,\N
nm2582914,David Rose and His Orchestra,\N,\N
nm2586444,Yves Moreau,\N,\N
nm2586732,Peter Kondrup,\N,\N
nm2591361,Carla Pereira D'Ascenção,\N,\N
nm2596614,Jenny Östergren,1972,\N
nm2600617,Kirill Shuvalov,\N,\N
nm2606351,Clifford Etheridge,\N,\N
nm2606958,John McNeil,\N,\N
nm2612049,Peter Mayhew,\N,\N
nm2613972,Kostas Koukoulinis,\N,\N
nm2632721,David Bones,\N,\N
nm2632843,Bessie Carter,1993,\N
nm2633115,Adrian Aitken,\N,\N
nm2635510,Arlene Tamayo,\N,\N
nm2644775,Oliver Tellet,\N,\N
nm2647005,Simon Whyman,\N,\N
nm2665023,Valéria Motta,\N,\N
nm2668074,Adam Langston,\N,\N
nm2682771,Will Fleisher,\N,\N
nm2698425,Eiji Kitada,\N,\N
nm2720748,Rick Donald,\N,\N
nm2725924,Dave Daniels,\N,\N
nm2733706,John Cloke,\N,\N
nm2765134,Veronica Dunne,1995,\N
nm2786394,William Pidgley,\N,\N
nm2788562,Phil Snowden,\N,\N
nm2796949,Camilla Bartholomew,\N,\N
nm2805780,Anja,\N,\N
nm2809546,Lumpi,\N,\N
nm2812357,Rob Cooper,\N,\N
nm2814765,Ted Waine,\N,\N
nm2827177,Kerry Jane Ellis,1979,\N
nm2830840,Amy Merry,\N,\N
nm2832520,Corey Becker,\N,\N
nm2834934,Marina Pasqua,\N,\N
nm2836844,Michael Lord,\N,\N
nm2840467,Ian Westwell,\N,\N
nm2847989,Nancy Sullivan,\N,\N
nm2850355,Taris Tyler,1972,\N
nm2857515,Robert May,\N,\N
nm2858843,Vic Wynne,\N,\N
nm2859691,Francisco Pinto,\N,\N
nm2865150,Daniel Byrne,\N,\N
nm2870046,Danny Jarman,\N,\N
nm2885129,Julia Obst,1992,\N
nm2885819,Samantha Barks,1990,\N
nm2887737,Alan Williamson,\N,\N
nm2893362,George Roberts,\N,\N
nm2895064,William Bimpson,\N,\N
nm2898547,Phil Zimmerman,\N,\N
nm2906343,Carl Grinter,\N,\N
nm2906799,Neville Young,\N,\N
nm2909932,Joan Lader,\N,\N
nm2916196,Mark Pascoe,\N,\N
nm2918048,Caroline Sheen,1975,\N
nm2930307,Sean Desmond,\N,\N
nm2939508,Daniel Watts,\N,\N
nm2939636,Dorian Smith,\N,\N
nm2940103,Jay Sotheran,\N,\N
nm2940424,Matthew Green,\N,\N
nm2940590,Stephan Batterham,\N,\N
nm2940703,Kevin Deardon,\N,\N
nm2940706,Anthony Wass,\N,\N
nm2940855,Tony Putt,\N,\N
nm2941514,Hisham Ejjayha,\N,\N
nm2941542,Jason West,\N,\N
nm2944636,Joel Phillimore,\N,\N
nm2950276,Oliver Mitchell,\N,\N
nm2950829,Ben Wright,\N,\N
nm2950830,David R. Grant,\N,\N
nm2972520,Tarun Khanna,\N,\N
nm2980401,Lucy Allen,1986,\N
nm3004958,Barry White,\N,\N
nm3021310,Dan Alterman,\N,\N
nm3026803,Angel Gómez Hernández,\N,\N
nm3031883,Robin Saunders,\N,\N
nm3043924,Theajodharan,1981,\N
nm3048131,Pepo Ruiz Dorado,\N,\N
nm3052538,Andrés Guzmán,1976,\N
nm3057016,Daniela Stoyanovich,\N,\N
nm3059427,M. Ian Smith,\N,\N
nm3059600,Johannes Guldbrandsen,1871,1922
nm3059941,Ida Nielsen,1887,1918
nm3064446,Gavo Figueira,\N,\N
nm3071122,Kamya Punjabi,1979,\N
nm3079560,Nick Shaw,\N,\N
nm3112948,David Herbert,\N,\N
nm3117695,Sheng-Hsiung Hsu,\N,\N
nm3117815,James Evans,\N,\N
nm3117836,Aaron Tveit,1983,\N
nm3119055,F. Richard Pappas,\N,\N
nm3142512,Shawn Viens,\N,\N
nm3143046,Reed Williams,\N,\N
nm3152940,Pamela Schmidt,\N,\N
nm3155537,Derek Treffry,\N,\N
nm3155736,Greg Fisher,\N,\N
nm3164313,Alki Zei,\N,\N
nm3171655,Damien Clement,\N,\N
nm3172121,Moise Labidi,\N,\N
nm3173584,Charlie Pollecott,\N,\N
nm3174397,Martin Foard,\N,\N
nm3184913,Ketan Waikar,\N,\N
nm3191193,Mark Bellett,\N,\N
nm3197707,Al Crate,\N,\N
nm3199332,Olga Shevchenko,\N,\N
nm3220135,Annette Yeo,\N,\N
nm3241584,Dianne Pilkington,1975,\N
nm3254607,Helen Steinway Bailey,\N,\N
nm3258860,Benson Jack Anthony,\N,\N
nm3260379,Bryan Dechart,\N,\N
nm3276139,James Orange,\N,\N
nm3278177,Michelle Castro,\N,\N
nm3299851,Joshua Padilla,\N,\N
nm3319478,Ramon Lopez,\N,\N
nm3320784,Eli Matthewson,\N,\N
nm3322220,Javier Cuadrado,\N,\N
nm3333501,Ann Marie Boskovich,\N,\N
nm3336678,Fiona Gilbert,\N,\N
nm3342825,Andrea Deck,1994,\N
nm3371523,Leah Kimura,\N,\N
nm3391699,Bérangère Mc Neese,1989,\N
nm3420472,Nicole Saunders,\N,\N
nm3424990,David Smith,\N,\N
nm3429695,Jonathan Moore,\N,\N
nm3451189,Diana Donaldson,\N,\N
nm3451607,Mark MacDonald,\N,\N
nm3457473,Amy Cuthbertson,\N,\N
nm3482517,Stevee Davies,1990,\N
nm3502560,Marlo Franson,\N,\N
nm3511954,Jean-Marie Musique,\N,\N
nm3525188,Lauren Barker,\N,\N
nm3526707,Patrick Edwards,\N,\N
nm3532148,Freya Parks,\N,\N
nm3543308,Alexia Khadime,1983,\N
nm3567825,David Jones,\N,\N
nm3573347,Matt Fowler,\N,\N
nm3577539,Sam Reed,\N,\N
nm3599117,Jae-Moon Yoon,\N,\N
nm3601830,Kirsty Allen,\N,\N
nm3605833,Mark Bright,\N,\N
nm3606079,Alan Hopkins,\N,\N
nm3613889,Maria Dimitratou,\N,\N
nm3641075,Dave Hawley,\N,\N
nm3681667,Russell White,\N,\N
nm3699430,Chris Hankey,\N,\N
nm3703438,Karen Holt,\N,\N
nm3724910,Divyanka Tripathi,1984,\N
nm3745225,Charlotte Hope,\N,\N
nm3753696,Neelima Bajpai,\N,\N
nm3755029,Shyamashis R. Bhattacharya,\N,\N
nm3756668,Ging-hang Hsu,\N,\N
nm3770126,Woody Norman,\N,\N
nm3770209,Daniel Kuang,\N,\N
nm3770247,Arthur G. Ruben,\N,\N
nm3770340,Lai Li,\N,\N
nm3770360,Rufus Friedman,\N,\N
nm3770451,Susan McNeece,\N,\N
nm3770938,Anthony R. Well,\N,\N
nm3770963,Charles Richards,\N,\N
nm3771017,Nick Berry,\N,\N
nm3773582,Alan Bristow,\N,\N
nm3778119,John Bennett,\N,\N
nm3778132,Chung-ching Liu,\N,\N
nm3778166,Hui-chih Ching,\N,\N
nm3778188,Antoine Maisani,\N,\N
nm3778288,Feng-chi Chiang,\N,\N
nm3778429,Hsi-ching Li,\N,\N
nm3778589,Leo Elisabeth Alonzo,\N,\N
nm3778591,Hua-shen Chang,\N,\N
nm3778638,Christie Frields,\N,\N
nm3778732,Shang-chi Li,\N,\N
nm3778853,Mike Norman,\N,\N
nm3778862,Michael Bovino,\N,\N
nm3778893,Juan Lu,\N,\N
nm3778950,Mou-yi Wang,\N,\N
nm3779105,Rui-hua Li,\N,\N
nm3779215,Balint Birkas,\N,\N
nm3779319,Yung-chi Lu,\N,\N
nm3779334,Fei-yu Yang,\N,\N
nm3779481,Florence Haseltine,\N,\N
nm3779497,Yi-hsien Kan,\N,\N
nm3779545,Ching-hua Lu,\N,\N
nm3779547,Wei-hua Chou,\N,\N
nm3779549,Wan-liang Huang,\N,\N
nm3779553,Chia-hui Li,\N,\N
nm3779596,Hai-yan Ku,\N,\N
nm3779825,Javier Perez,\N,\N
nm3779836,Ren-wang Hsueh,\N,\N
nm3779874,Ting-an Chen,\N,\N
nm3779889,Tai-cheng Li,\N,\N
nm3780053,Alexander Kirichenko,\N,\N
nm3788064,Adam Nowell,1987,\N
nm3802726,Fernando Moleón,\N,\N
nm3817196,Paul Nyhart,\N,\N
nm3832017,Danielle El-Hendi,\N,\N
nm3854782,Rosie Coker,\N,\N
nm3855794,Mar Fernández Chao,\N,\N
nm3870140,Carlos Fernández Pardellas,\N,\N
nm3872762,Reuben Lloyd-Pack,\N,\N
nm3874785,Marcus Spivey,\N,\N
nm3883703,Edward Lewis French,\N,\N
nm3911703,Ross McCormack,\N,\N
nm3914537,Gabriel Vick,\N,\N
nm3916941,Patrick O'Sullivan,\N,\N
nm3922302,Daryl King,\N,\N
nm3923286,Darren Rashbrook,\N,\N
nm3931920,Vanessa Page,\N,\N
nm3960256,Kerry Wagner,\N,\N
nm3978842,Maria Pia Fanigliulo,\N,\N
nm3978847,Christine Parisse,\N,\N
nm3981785,Paul Bliven,\N,\N
nm3989176,Shi Hua Ng,\N,\N
nm3998026,Tim Shim,\N,\N
nm3999295,Lucy Mitra,\N,\N
nm4027065,Rhoda Sulit,\N,\N
nm4031647,Martin Wilde,\N,\N
nm4031882,Pascal Belanger,\N,\N
nm4036359,Jay Price,\N,\N
nm4052654,Amy Montgomery,\N,\N
nm4068490,Alex Fitzgerald,\N,\N
nm4071458,Sameer Haq,\N,\N
nm4079981,Noreen Capili,\N,\N
nm4100318,Lily Laight,\N,\N
nm4140852,Katie Hall,1990,\N
nm4148136,Chas McCahill,\N,\N
nm4152987,Rob Humpage,\N,\N
nm4155933,Marisa Van den Borre,\N,\N
nm4158189,Dominic Alderson,\N,\N
nm4170740,Amelia Jefford,\N,\N
nm4175732,Ángel Gómez Rivero,\N,\N
nm4178701,Dan Euston,\N,\N
nm4185271,Mckenna Marmolejo,\N,\N
nm4190833,Victoria Ley,\N,2014
nm4199964,James Gilbert,\N,\N
nm4205799,Josh Singer,\N,\N
nm4214853,Giorgi Liponava,\N,\N
nm4215044,Keti Devdariani,\N,\N
nm4225853,Xiong Ying,\N,\N
nm4230387,David William Hearn,\N,\N
nm4235611,Peter Ocampo,\N,\N
nm4242784,Azamat Nigmanov,\N,\N
nm4250845,Michael Karlin,\N,\N
nm4259112,Leanne Yu,\N,\N
nm4280239,Lottie Birmingham,\N,\N
nm4286064,Robyn North,\N,\N
nm4287614,Peter Olney,\N,\N
nm4290209,Ruth Antoine,\N,\N
nm4290284,Mutya Orquia,2006,\N
nm4293821,Rati Ramishvili,\N,\N
nm4294466,Nino Gachechiladze,\N,\N
nm4298162,Levan Kochiashvili,\N,\N
nm4310407,James Crowe,\N,\N
nm4311701,Mike Young Jr.,\N,\N
nm4311808,Chef Mario,\N,\N
nm4311972,Ramsay Potts,\N,\N
nm4312059,Bill Stevens,\N,\N
nm4312202,Dima,\N,\N
nm4312215,Jason Mueller,\N,\N
nm4312219,Cambrie Schroder,\N,\N
nm4312240,Luke Schroder,\N,\N
nm4312264,John Archbald,\N,\N
nm4312609,Jennell May,\N,\N
nm4312703,Portia Harrington,\N,\N
nm4313064,Clay Breuner,\N,\N
nm4313870,Max Jin Yaw Chan,\N,\N
nm4319479,Elaine Ormes,\N,\N
nm4323951,Tod Forsberg,\N,\N
nm4326119,Brendan O'Gorman,\N,\N
nm4337789,Sara Pelosi,\N,\N
nm4337807,Jeff Nicholson,\N,\N
nm4337810,Alistair Brammer,1988,\N
nm4337865,Rhidian Marc,\N,\N
nm4337876,Jamie Muscato,\N,\N
nm4344861,Alice Felgate,\N,\N
nm4345118,Karl Wilson,\N,\N
nm4351827,Simon Hill,\N,\N
nm4356513,Lizzie Bravo,\N,\N
nm4356599,Jacob Flint,\N,\N
nm4359007,Liz Peck,\N,\N
nm4379163,Mrinal Jha,\N,\N
nm4380320,Sophie Ellis,1995,\N
nm4384453,Cara Walker,\N,\N
nm4387219,Lizzie Davies,\N,\N
nm4390920,Antonia Clarke,\N,\N
nm4391439,Nick Hill,\N,\N
nm4393404,Jonny Purchase,\N,\N
nm4402756,Aniruddha Satam,\N,\N
nm4403967,Georgie Whittle,\N,\N
nm4404073,Björn Eriksson,\N,\N
nm4421156,Gaurav Meshram,\N,\N
nm4426775,Paul Jones,\N,\N
nm4433774,Ami Trivedi,1982,\N
nm4434152,Cadi Helene Rowlands,\N,\N
nm4443557,Katie Louise Walker,\N,\N
nm4450402,Rebecca Pearson,\N,\N
nm4452851,Jocelyn Cleary,\N,\N
nm4458225,Bridie McKie,\N,\N
nm4467261,Patrick Harris,\N,\N
nm4467728,Ross Davis,\N,\N
nm4472034,Alfie Davis,\N,\N
nm4491241,George Blagden,\N,\N
nm4499183,Erwin Dorow,\N,\N
nm4513401,Luke Parsons,\N,\N
nm4530344,Santi Avendaño,\N,\N
nm4545047,Stephen Matthews,\N,\N
nm4546702,Tom O'Shea,\N,\N
nm4547188,Kat Tysoe,\N,\N
nm4561595,Coppin Geoffrey,\N,\N
nm4562654,Alison Tennant,\N,\N
nm4562901,Sarah Breakwell,\N,\N
nm4564395,Janine Cunliffe,\N,\N
nm4567425,Catherine Grieves,\N,\N
nm4574435,Tom Coull,\N,\N
nm4576614,Kendra Moran,\N,\N
nm4577278,Christopher Zaczek,\N,\N
nm4577356,Faith Zabek,\N,\N
nm4577388,Andrew Godlewski,\N,\N
nm4585346,Amanda Henderson,\N,\N
nm4591710,Victor Bognot,\N,\N
nm4604194,Siddharth Sengupta,\N,\N
nm4610634,Jesse Hernandez,\N,\N
nm4635997,Rachelle Beinart,\N,\N
nm4655294,Thom Chang,\N,\N
nm4663059,Ben Ryan-Steele,\N,\N
nm4666855,Matt McDougal,\N,\N
nm4668751,Quinn Hubertz,\N,\N
nm4669023,Michael Hamilton,\N,\N
nm4669090,Chris Hamilton,\N,\N
nm4680663,Jessie Gelpke,\N,\N
nm4685768,Renee Lyons,\N,\N
nm4695972,Frank Hanna,\N,\N
nm4702252,Top Cats,\N,\N
nm4711112,Laurence Connor,\N,\N
nm4722672,Chris Quested,\N,\N
nm4748429,Jenny Alversjö,\N,\N
nm4756709,Benjamin Courtin,\N,\N
nm4760410,Manuel Rodríguez,\N,\N
nm4793928,David Stoller,\N,\N
nm4796016,Olivia Percival,\N,\N
nm4849417,Carl McGreevy,\N,\N
nm4849434,Dave Stopps,\N,\N
nm4849526,Maggie Sajak,\N,\N
nm4850336,Gerard O'Connor,\N,\N
nm4850347,Mfaizal Khamis,\N,\N
nm4850652,Romeo Price,\N,\N
nm4861371,Amy Ellen Richardson,\N,\N
nm4861917,Amy Griffiths,\N,\N
nm4862068,Alice Fearn,\N,\N
nm4862455,Sophie Olivier,\N,\N
nm4888556,Harry Goff,\N,\N
nm4889743,Spike Grimsey,\N,\N
nm4897370,Fra Fee,\N,\N
nm4909534,Sarah-Jane Prentice,\N,\N
nm4910560,Kelly-Anne Gower,\N,\N
nm4910743,Jos Slovick,\N,\N
nm4910847,Mary Cormack,\N,\N
nm4923529,Doug Beiden,\N,\N
nm4948519,Daniel Huttlestone,1999,\N
nm4961623,Isabelle Allen,2002,\N
nm4963059,Dirk Lambert,\N,\N
nm4968486,Nancy Sullivan,\N,\N
nm4973374,Amelia Scaramucci,\N,\N
nm4984937,Sebastien Guerrieri,\N,\N
nm4989644,Olivia Rose-Aaron,\N,\N
nm4994798,Iwan Lewis,\N,\N
nm4994847,Matt Harrop,\N,\N
nm4998964,Chris Popham,\N,\N
nm4998989,Alfie Cain,\N,\N
nm4998992,Trevor Williams,\N,\N
nm5003410,Gary Bland,1961,\N
nm5027793,Ignacio Guirado,1992,\N
nm5038602,Matthew Seadon-Young,\N,\N
nm5042683,Steve Kirkham,\N,\N
nm5045165,Helen Perquy,\N,\N
nm5045389,Pieter Piron,\N,\N
nm5052084,Adam Pearce,\N,\N
nm5057100,Tegan Good,\N,\N
nm5058770,Arthur Gay,\N,\N
nm5064029,Kristy Parnham,\N,\N
nm5065338,Johnny Saunders,\N,\N
nm5065746,Nicholas Hatton,\N,\N
nm5069991,David Woods,\N,\N
nm5070625,Emily MacKintosh,\N,\N
nm5078858,Huiying Goh,\N,\N
nm5081192,Kerry Ingram,1999,\N
nm5083737,David Morris,\N,\N
nm5090026,Sharad Malhotra,\N,\N
nm5107691,Charlie Cox,\N,\N
nm5108846,Ali Derweesh,\N,\N
nm5109332,Julio Romeo,\N,\N
nm5128845,Andy Coxon,\N,\N
nm5130168,Jonathan Dudley,\N,\N
nm5131638,Liz Caplan,\N,\N
nm5136098,Timothee Aspert,\N,\N
nm5136813,Baudoin Crepat,\N,\N
nm5142916,Rachael Stevens,\N,\N
nm5148368,Lee Hales,\N,\N
nm5158734,Toby Stewart,\N,\N
nm5175882,Michael Lowry,\N,\N
nm5181857,Jessica Duncan,\N,\N
nm5186400,Alex Kalmakrian,\N,\N
nm5196781,Robert Clayton,\N,\N
nm5210974,Christine Lemon,\N,\N
nm5213009,James Pavey,\N,\N
nm5240056,Michael Duong,\N,\N
nm5246210,Christopher Stratton,\N,\N
nm5246444,Ruby Reihana-Wilson,\N,\N
nm5275863,Natalya Angel Wallace,\N,\N
nm5286624,Roberta Duchak,\N,\N
nm5289148,Honey Montazemi,\N,\N
nm5289194,Jiyoung Lee,\N,\N
nm5291755,Jonathan Webb,\N,\N
nm5296911,Lionel Wong,\N,\N
nm5312738,Tony Martinez,\N,\N
nm5322178,Andrew O'Driscoll,\N,\N
nm5328693,Thomas Tann,\N,\N
nm5338197,Leighton Rafferty,\N,\N
nm5343440,David Main,\N,\N
nm5363956,Harry Wood,\N,\N
nm5377948,Carolynne Philpott,\N,\N
nm5381743,Lisa Alice Wood,\N,\N
nm5381804,Dan-hee Ryu,\N,\N
nm5390029,Lottie Steer,\N,\N
nm5390145,John Barr,\N,\N
nm5390240,Lewis Kirk,\N,\N
nm5391353,Cameron Strefford,\N,\N
nm5391416,Adam Jones,\N,\N
nm5391612,Chris Barnes,\N,\N
nm5391976,Miles Roughley,2002,\N
nm5392085,Joseph West,\N,\N
nm5392361,Lisa Hull,\N,\N
nm5393110,José Gallego Nieto,\N,\N
nm5393217,Daniel Postigo,\N,\N
nm5393253,Lynn Jezzard,\N,\N
nm5393263,Ángel Gómez Hernández,\N,\N
nm5393279,Alberto Nieto García,\N,\N
nm5393343,Fania Grigoriou,\N,\N
nm5393508,Julie Stark,\N,\N
nm5393513,Emma Dukes,\N,\N
nm5393614,Lucas Vázquez de la Vega,\N,\N
nm5393680,Adriana Bonastre Rodríguez,\N,\N
nm5393690,Josephine Darvill-Mills,\N,\N
nm5393728,Diego García,\N,\N
nm5393749,Clinten Pearce,\N,\N
nm5393921,Holly Dale Spencer,\N,\N
nm5393989,Capitán Truxon,\N,\N
nm5394000,Claire Piquemal,\N,\N
nm5394019,Adrián Oliver Algarra,\N,\N
nm5394062,Matthew Corner,\N,\N
nm5394075,Robyn Miranda Simpson,\N,\N
nm5394105,Eleanor Bruce,\N,\N
nm5394142,Lwarence Burton,\N,\N
nm5394156,Chris Howell,\N,\N
nm5394228,David Roberts,\N,\N
nm5394286,Luisa Lazzaro,\N,\N
nm5394299,Ian Parsons,\N,\N
nm5394324,Capitan Truxon,\N,\N
nm5394377,Mischa Purnell,\N,\N
nm5394430,Ángel Gómez Rivera,\N,\N
nm5394442,Samuel J. Weir,\N,\N
nm5394487,Sonya Cullingford,\N,\N
nm5394489,Gonzalo Gala Guzmán,\N,\N
nm5394547,Gemma O'Duffy,\N,\N
nm5394558,Juliet Alderice,\N,\N
nm5394579,David Ramírez,\N,\N
nm5394619,Claudia Fernández Mariscal,\N,\N
nm5394651,Claire Machin,\N,\N
nm5394663,Chris Milford,\N,\N
nm5394824,Francisco Hiraldo,\N,\N
nm5394893,Georgina Jackson,\N,\N
nm5394909,Alejandra Campaña,\N,\N
nm5395005,Gemma Payne,\N,\N
nm5395013,Rachael Archer,\N,\N
nm5395080,Brenda Moore,\N,\N
nm5395085,Carmen Gómez Hernández,\N,\N
nm5395107,Nigel Garton,\N,\N
nm5395138,Juan Luis Helguera,\N,\N
nm5395218,Rebecca Sutherland,\N,\N
nm5395272,Carlos Alberto Diego,\N,\N
nm5395327,Joseph Peters,\N,\N
nm5395555,Hannah Wilson,\N,\N
nm5398311,Daniel Hill,\N,\N
nm5400397,Stephen Metcalfe,\N,\N
nm5427718,Ryan Edwards,1990,\N
nm5441387,Dan Watson,\N,\N
nm5443947,Emily Munster,\N,\N
nm5460165,Scott Graham,\N,\N
nm5460890,Ross Finnegan,\N,\N
nm5465507,Elora Braden,\N,\N
nm5485094,Nicholas Keegan,\N,\N
nm5487773,Edward Cooke,\N,\N
nm5487807,Alan Hunter,\N,\N
nm5487814,Jenny Pritchard,\N,\N
nm5487830,Diana Wang,\N,\N
nm5487843,Elham Binsenin,\N,\N
nm5487892,Amy Denning,\N,\N
nm5487899,Lee Bryant,\N,\N
nm5487904,Robert Gilmore,\N,\N
nm5487909,Daniel Emmerson,\N,\N
nm5487918,David Hempstead,\N,\N
nm5487926,Nathan Chidgey,\N,\N
nm5487933,Paul Andrews,\N,\N
nm5487980,Cipriani Alexia,\N,\N
nm5487984,Renaud Schiff,\N,\N
nm5488000,George Leigh,\N,\N
nm5488015,Scott Spearpoint,\N,\N
nm5488019,Olivia Newhouse,\N,\N
nm5488022,Wesley Bain,\N,\N
nm5488025,Callum Hook,\N,\N
nm5488029,Ken Jones,\N,\N
nm5488034,Harry Biddle,\N,\N
nm5488047,Danny Weller,\N,\N
nm5488053,Emily-Jane Grainger,\N,\N
nm5488059,John Brown,\N,\N
nm5488061,Lee Simmonds,\N,\N
nm5488071,Pat Miller,\N,\N
nm5488081,Geoff Lowen,\N,\N
nm5488089,Charlie Watts,\N,\N
nm5488097,David Silverton,\N,\N
nm5488105,Mungo Pay,\N,\N
nm5488116,Dione Quek,\N,\N
nm5488121,Tara Dreyfous,\N,\N
nm5488127,David Kelly,\N,\N
nm5488132,Yoann Lauro,\N,\N
nm5488145,James Lovell,\N,\N
nm5488147,Harry Wilson,\N,\N
nm5488152,David Dolman,\N,\N
nm5488198,Keith Bressington,\N,\N
nm5488204,Kevin McNeil,\N,\N
nm5488290,Felicity Christiaans,\N,\N
nm5488305,Marcus Tilt,\N,\N
nm5488309,Nurul Khairiah,\N,\N
nm5488355,Daniel Mummery,\N,\N
nm5488358,Sebastien Michelon,\N,\N
nm5488360,Alex Roberts,\N,\N
nm5488361,Ollie Lewis,\N,\N
nm5488364,Jennifer Whyte,\N,\N
nm5488374,Trevor Jackson,\N,\N
nm5488380,Steven Law,\N,\N
nm5488391,Martin Johansson,\N,\N
nm5488419,Jane Austin,\N,\N
nm5488426,Jake Rainsley-Sansom,\N,\N
nm5488429,Ben Angliss,\N,\N
nm5488430,Jon Moss,\N,\N
nm5488431,Aimee Francis,\N,\N
nm5488432,Clare Williams,\N,\N
nm5488437,Robert Cootes,\N,\N
nm5488470,David Brimming,\N,\N
nm5488472,Adrian Jeakins,\N,\N
nm5488522,Dave Skillings,\N,\N
nm5488529,Howard Moore,\N,\N
nm5488530,Carolina Koesnadi,\N,\N
nm5488532,Adrian Sarple,\N,\N
nm5488576,Will Wyatt,\N,\N
nm5488585,Ken Yap,\N,\N
nm5488598,John Crewe,\N,\N
nm5488631,Dave Tate,\N,\N
nm5488640,Peter Sumner,\N,\N
nm5488653,Andrew Whiting,\N,\N
nm5488676,Shidan Majidi,\N,\N
nm5488680,Joe Gregory,\N,\N
nm5488697,Ashley Nelhams,\N,\N
nm5488704,Liam Hoflay,\N,\N
nm5488705,Chris Jahnke,\N,\N
nm5488713,Adam Gilbert,\N,\N
nm5488729,David Chia,\N,\N
nm5488765,William Wong,\N,\N
nm5488772,Eddie Cain,\N,\N
nm5488776,Jennie Milward-Oliver,\N,\N
nm5488781,Paul Clark,\N,\N
nm5488786,Mary Meyland,\N,\N
nm5488791,Paul Wooller,\N,\N
nm5488794,Harry Caen-Reilly,\N,\N
nm5488802,Richard Knibb,\N,\N
nm5488805,William Poyer,\N,\N
nm5488807,James Powell,\N,\N
nm5488813,Eleanor Sutton,\N,\N
nm5488830,Nicholas Li,\N,\N
nm5488849,Liam Collins,\N,\N
nm5488856,Greg Evans,\N,\N
nm5488863,Rachel Brook,\N,\N
nm5488871,Stephanie Huam,\N,\N
nm5488884,Luan Nguyen,\N,\N
nm5488898,Chris Hutchison,\N,\N
nm5488924,Ben Lelliott,\N,\N
nm5488925,Fiona Gourlay,\N,\N
nm5488940,Janice Chandra,\N,\N
nm5488941,Maria Barot,\N,\N
nm5488950,Roger Davison,\N,\N
nm5488956,Sundar Krishnamurthy,\N,\N
nm5488957,Patrick Earls,\N,\N
nm5488958,Claire Mistry,\N,\N
nm5488962,Roy Harwood,\N,\N
nm5488975,Hiroko Ueno,\N,\N
nm5497463,Yi-Chun Pan,\N,\N
nm5500271,Hsiao-Peng Chou,\N,\N
nm5520869,Federico Milella,\N,\N
nm5539177,Terry Wood Jr.,\N,\N
nm5542333,Yi-Tse Lee,\N,\N
nm5565513,Mark Armstrong,1963,\N
nm5600183,Heidi O'Loughlin,\N,\N
nm5601041,Robert F. Byrne,\N,\N
nm5625599,Holly Wells,\N,\N
nm5639352,Eleanor Rogers,\N,\N
nm5654927,Scarlett Hayler-King,\N,\N
nm5685063,Sanjay K. Memane,\N,\N
nm5696674,Romain Mereau,\N,\N
nm5697061,Alice May Connolly,\N,\N
nm5697533,Matt Smith,\N,\N
nm5699635,Konstantin Tanner,\N,\N
nm5702267,Natalie Clark,\N,\N
nm5732714,Ajay Prasannan,\N,\N
nm5733999,Rhia Abarquez,\N,\N
nm5798703,Adam Rae,\N,\N
nm5807544,Hyun Jong Oh,\N,\N
nm5807639,Ikeya Chen,1985,\N
nm5898186,Ben Afful,\N,\N
nm5900520,Dani Rex-Byrd,\N,\N
nm6029196,James Gribble,\N,\N
nm6039527,Sophie Greig,1993,\N
nm6127585,Rodrigo Brand,\N,\N
nm6144607,Janja Lalich,\N,\N
nm6187265,Anders Adali,\N,\N
nm6233630,Jack Potts,\N,\N
nm6233631,Claudia Silva,\N,\N
nm6233640,Seth Rose,\N,\N
nm6233647,George Ferrante,\N,\N
nm6233662,Rachel Tannenbaum,\N,\N
nm6233663,Chris Valenzano,\N,\N
nm6233706,Peg Routledge,\N,\N
nm6254777,Kory Brady,\N,\N
nm6290915,Jamar Logan,\N,\N
nm6307282,Sunil Karyattukara,\N,\N
nm6313235,Melina Vidler,1993,\N
nm6327275,Lucy Leech,\N,\N
nm6342478,Cristina Cocco,\N,\N
nm6416859,Cheryl Neve,\N,\N
nm6427250,Koel Chaudhary,\N,\N
nm6427253,Nayana Dasgupta,\N,\N
nm6427254,Archita Biswas,\N,\N
nm6470500,Junior Han,1981,\N
nm6579794,Emma Franks,\N,\N
nm6632319,Yankee Yang,1984,\N
nm6643242,Yong Jin Kim,\N,\N
nm6814429,Jody Wingrove,\N,\N
nm6950054,Alexa Leigh Fletcher,\N,\N
nm7036572,Zel Anders,\N,\N
nm7064262,Sophia Torres,1993,\N
nm7092715,Joyce Carrillo,\N,\N
nm7148106,Justine Zárate,\N,\N
nm7206115,Yosimi Mitsuta,\N,\N
nm7224955,Anshuman Singh,\N,\N
nm7281913,Alexandre Wilson,\N,\N
nm7284186,Gregg Baethge,\N,\N
nm7284187,Javier Archuleta,\N,\N
nm7509247,Michael Lovato,\N,\N
nm7519282,Varg Gyllander,\N,\N
nm7556177,Cabie Lamb,\N,\N
nm7556796,Alicia Borillo,\N,\N
nm7633668,Paula Lafayette Perera,\N,\N
nm7681921,Seán McLoughlin,1990,\N
nm7714404,J.D. Lopez,\N,\N
nm7714405,Andrew Hebenstreit,\N,\N
nm7714406,Mercedes Faulkner,\N,\N
nm7714407,Alejandro Magallanes,\N,\N
nm7714408,Soraya A. Baraque,\N,\N
nm7714410,Mark Francisco,\N,\N
nm7739535,Michael Weppler,\N,\N
nm7743284,Naomi Pascal,\N,\N
nm7743285,Debra Doggett,\N,\N
nm7743286,Brandon Walton,\N,\N
nm7743287,Josh Mashke,\N,\N
nm7743288,Seth M. Beabout,\N,\N
nm7743289,Susanna Isidoro,\N,\N
nm7743290,Satchel Seeger-Salman,\N,\N
nm7743292,Sophia Ramos,\N,\N
nm7743294,Brandon Morgan,\N,\N
nm7807234,RaeAnna Sanchez,\N,\N
nm7812130,Vladislav Khesin,\N,\N
nm7938301,Yi-Hui Wen,\N,\N
nm8044879,Jung-ran Park,\N,\N
nm8080323,Young-Keun Kim,\N,\N
nm8080324,Hwa-Jeong Kim,\N,\N
nm8080328,Seong-min Oh,\N,\N
nm8115533,Kurstin Haynes,\N,\N
nm8231923,Sam Gustafson,\N,\N
nm8250890,Mick Primmer,\N,\N
nm8259424,Maria Grazia Gamarra,\N,\N
nm8287156,Jeff Cole,\N,\N
nm8326420,Caroline Helander,\N,\N
nm8448829,Gary Devon Dotson,\N,\N
nm8471881,Angeliki Giannakopoulos,\N,\N
nm8638359,Florian Handler,\N,\N
nm8638360,Joshua M.G. Thomas,1993,\N
nm8721689,Yi Chi,\N,\N
nm8733637,Susan George,\N,\N
nm8855002,Pan Pizza,\N,\N
nm8861069,Rebecca Santhosh,\N,\N
nm8951335,Sreeram Ramachandran,\N,\N
nm8994909,Nick D'Agostino,\N,\N
nm9093506,Brent A. Riggs,\N,\N
nm9131512,Keiko Sato,\N,\N
nm9131513,Koko Obana,\N,\N
nm9149055,Christian Dominguez,\N,\N
nm9535459,Omar Alboukharey,\N,\N
nm9594561,Sylvia Uthoff,\N,\N
nm9600217,Klaus Eder,\N,\N
nm9636912,Deepak Pachory,\N,\N
nm9667738,Steven Weed,\N,\N
nm9667739,Bill Harris,\N,\N
nm9667740,Carol Pogash,\N,\N
nm9667741,David Bancroft,\N,\N
nm9667743,Mike Bortin,\N,\N
nm9667744,Carol Westrick,\N,\N
nm9667745,Mikki Scott,\N,\N
nm9810884,Yu Otsuka,\N,\N
nm9821260,Willem Van Hecke,\N,\N
nm9953276,Vinu Narayanan,\N,\N
nm9953277,Shan,\N,\N
nm9990033,José Manuel de la Chica,\N,\N
